{
    "Accuracy": 0.9118025191662815,
    "f1_score": 0.10048641952929091,
    "Precision": 0.05396197027711078,
    "Recall": 0.7290661990355107
}