{
    "Accuracy": 0.9125134786060455,
    "f1_score": 0.10067298029781661,
    "Precision": 0.05409385430983703,
    "Recall": 0.7246821569487067
}